date,close
2025-10-08 00:00:00+09:00,1204.0
2025-10-09 00:00:00+09:00,1202.0
2025-10-10 00:00:00+09:00,1178.0
2025-10-14 00:00:00+09:00,1140.0
2025-10-15 00:00:00+09:00,1162.0
2025-10-16 00:00:00+09:00,1167.0
2025-10-17 00:00:00+09:00,1165.0
2025-10-20 00:00:00+09:00,1183.0
2025-10-21 00:00:00+09:00,1177.0
2025-10-22 00:00:00+09:00,1177.0
2025-10-23 00:00:00+09:00,1194.0
2025-10-24 00:00:00+09:00,1196.0
2025-10-27 00:00:00+09:00,1194.0
2025-10-28 00:00:00+09:00,1169.0
2025-10-29 00:00:00+09:00,1157.0
2025-10-30 00:00:00+09:00,1162.0
2025-10-31 00:00:00+09:00,1170.0
2025-11-04 00:00:00+09:00,1183.0
2025-11-05 00:00:00+09:00,1167.0
2025-11-06 00:00:00+09:00,1190.0
2025-11-07 00:00:00+09:00,1176.0
2025-11-10 00:00:00+09:00,1191.0
2025-11-11 00:00:00+09:00,1189.0
2025-11-12 00:00:00+09:00,1203.0
2025-11-13 00:00:00+09:00,1205.0
2025-11-14 00:00:00+09:00,1199.0
2025-11-17 00:00:00+09:00,1183.0
2025-11-18 00:00:00+09:00,1190.0
2025-11-19 00:00:00+09:00,1175.0
2025-11-20 00:00:00+09:00,1190.0
2025-11-21 00:00:00+09:00,1225.0
2025-11-25 00:00:00+09:00,1214.0
2025-11-26 00:00:00+09:00,1232.0
2025-11-27 00:00:00+09:00,1245.0
2025-11-28 00:00:00+09:00,1254.0
2025-12-01 00:00:00+09:00,1236.0
2025-12-02 00:00:00+09:00,1250.0
2025-12-03 00:00:00+09:00,1227.0
2025-12-04 00:00:00+09:00,1251.0
2025-12-05 00:00:00+09:00,1240.0
2025-12-08 00:00:00+09:00,1256.0
2025-12-09 00:00:00+09:00,1256.0
2025-12-10 00:00:00+09:00,1263.0
2025-12-11 00:00:00+09:00,1253.0
2025-12-12 00:00:00+09:00,1240.0
2025-12-15 00:00:00+09:00,1243.0
2025-12-16 00:00:00+09:00,1227.0
2025-12-17 00:00:00+09:00,1225.0
2025-12-18 00:00:00+09:00,1235.0
2025-12-19 00:00:00+09:00,1238.0
2025-12-22 00:00:00+09:00,1241.0
2025-12-23 00:00:00+09:00,1247.0
2025-12-24 00:00:00+09:00,1248.0
2025-12-25 00:00:00+09:00,1255.0
2025-12-26 00:00:00+09:00,1251.0
2025-12-29 00:00:00+09:00,1254.0
2025-12-30 00:00:00+09:00,1248.0
2026-01-05 00:00:00+09:00,1259.0
2026-01-06 00:00:00+09:00,1271.0
2026-01-07 00:00:00+09:00,1254.0
2026-01-08 00:00:00+09:00,1249.0
2026-01-09 00:00:00+09:00,1255.0
2026-01-13 00:00:00+09:00,1267.0
2026-01-14 00:00:00+09:00,1280.0
2026-01-15 00:00:00+09:00,1289.0
2026-01-16 00:00:00+09:00,1289.0
2026-01-19 00:00:00+09:00,1274.0
2026-01-20 00:00:00+09:00,1260.0
2026-01-21 00:00:00+09:00,1260.0
2026-01-22 00:00:00+09:00,1271.0
2026-01-23 00:00:00+09:00,1264.0
2026-01-26 00:00:00+09:00,1240.0
2026-01-27 00:00:00+09:00,1234.0
2026-01-28 00:00:00+09:00,1218.0
2026-01-29 00:00:00+09:00,1213.0
2026-01-30 00:00:00+09:00,1216.0
2026-02-02 00:00:00+09:00,1227.0
2026-02-03 00:00:00+09:00,1230.0
2026-02-04 00:00:00+09:00,1249.0
2026-02-05 00:00:00+09:00,1248.0
2026-02-06 00:00:00+09:00,1259.0
2026-02-09 00:00:00+09:00,1262.0
2026-02-10 00:00:00+09:00,1280.0
2026-02-12 00:00:00+09:00,1279.0
2026-02-13 00:00:00+09:00,1249.0
2026-02-16 00:00:00+09:00,1241.0
2026-02-17 00:00:00+09:00,1247.0
2026-02-18 00:00:00+09:00,1265.0
2026-02-19 00:00:00+09:00,1272.0
2026-02-20 00:00:00+09:00,1252.0
2026-02-24 00:00:00+09:00,1285.0
2026-02-25 00:00:00+09:00,1274.0
2026-02-26 00:00:00+09:00,1276.0
2026-02-27 00:00:00+09:00,1287.0
2026-03-02 00:00:00+09:00,1270.0
2026-03-03 00:00:00+09:00,1228.0
2026-03-04 00:00:00+09:00,1194.0
2026-03-05 00:00:00+09:00,1224.0
2026-03-06 00:00:00+09:00,1214.0
2026-03-09 00:00:00+09:00,1188.0
2026-03-10 00:00:00+09:00,1221.0
2026-03-11 00:00:00+09:00,1227.0
2026-03-12 00:00:00+09:00,1209.0
2026-03-13 00:00:00+09:00,1192.0
2026-03-16 00:00:00+09:00,1185.0
2026-03-17 00:00:00+09:00,1193.0
2026-03-18 00:00:00+09:00,1210.0
2026-03-19 00:00:00+09:00,1185.0
2026-03-23 00:00:00+09:00,1144.0
2026-03-24 00:00:00+09:00,1165.0
2026-03-25 00:00:00+09:00,1187.0
2026-03-26 00:00:00+09:00,1189.0
2026-03-27 00:00:00+09:00,1183.0
2026-03-30 00:00:00+09:00,1119.0
2026-03-31 00:00:00+09:00,1127.0
2026-04-01 00:00:00+09:00,1169.0
2026-04-02 00:00:00+09:00,1171.0
2026-04-03 00:00:00+09:00,1183.0
2026-04-06 00:00:00+09:00,1199.0
2026-04-07 00:00:00+09:00,1215.0
2026-04-08 00:00:00+09:00,1236.0
2026-04-09 00:00:00+09:00,1215.0
2026-04-10 00:00:00+09:00,1190.0
2026-04-13 00:00:00+09:00,1170.0
2026-04-14 00:00:00+09:00,1143.0
2026-04-15 00:00:00+09:00,1149.0
2026-04-16 00:00:00+09:00,1147.0
2026-04-17 00:00:00+09:00,1136.0
2026-04-20 00:00:00+09:00,1130.0
2026-04-21 00:00:00+09:00,1125.0
2026-04-22 00:00:00+09:00,1110.0
2026-04-23 00:00:00+09:00,1081.0
2026-04-24 00:00:00+09:00,1053.0
2026-04-27 00:00:00+09:00,1060.0
2026-04-28 00:00:00+09:00,1066.0
2026-04-30 00:00:00+09:00,1050.0
2026-05-01 00:00:00+09:00,1042.0
2026-05-07 00:00:00+09:00,1065.0
2026-05-08 00:00:00+09:00,1064.0
2026-05-11 00:00:00+09:00,1008.0
2026-05-12 00:00:00+09:00,982.0
2026-05-13 00:00:00+09:00,960.0
2026-05-14 00:00:00+09:00,985.0
2026-05-15 00:00:00+09:00,994.0
2026-05-18 00:00:00+09:00,976.0
2026-05-19 00:00:00+09:00,995.0
2026-05-20 00:00:00+09:00,965.0
2026-05-21 00:00:00+09:00,998.0
2026-05-22 00:00:00+09:00,969.0
2026-05-25 00:00:00+09:00,965.0
2026-05-26 00:00:00+09:00,968.0
2026-05-27 00:00:00+09:00,969.0
2026-05-28 00:00:00+09:00,993.0
2026-05-29 00:00:00+09:00,992.0
2026-06-01 00:00:00+09:00,982.0
2026-06-02 00:00:00+09:00,982.0
2026-06-03 00:00:00+09:00,1019.0
2026-06-04 00:00:00+09:00,985.0
2026-06-05 00:00:00+09:00,1000.0
2026-06-08 00:00:00+09:00,979.0
2026-06-09 00:00:00+09:00,983.0
2026-06-10 00:00:00+09:00,988.0
2026-06-11 00:00:00+09:00,977.0
2026-06-12 00:00:00+09:00,980.0
2026-06-15 00:00:00+09:00,998.0
2026-06-16 00:00:00+09:00,985.0
2026-06-17 00:00:00+09:00,987.0
2026-06-18 00:00:00+09:00,987.0
2026-06-19 00:00:00+09:00,979.0
2026-06-22 00:00:00+09:00,971.0
2026-06-23 00:00:00+09:00,950.0
2026-06-24 00:00:00+09:00,952.0
2026-06-25 00:00:00+09:00,966.0
2026-06-26 00:00:00+09:00,956.0
2026-06-29 00:00:00+09:00,961.0
2026-06-30 00:00:00+09:00,974.0
2026-07-01 00:00:00+09:00,978.0
2026-07-02 00:00:00+09:00,997.0
2026-07-03 00:00:00+09:00,997.0
2026-07-06 00:00:00+09:00,1021.0
2026-07-07 00:00:00+09:00,1033.0
2026-07-08 00:00:00+09:00,1022.0
2026-07-09 00:00:00+09:00,1017.0
2026-07-10 00:00:00+09:00,1027.0
2026-07-13 00:00:00+09:00,1016.0
2026-07-14 00:00:00+09:00,1002.0
2026-07-15 00:00:00+09:00,1018.0
2026-07-16 00:00:00+09:00,1020.0
2026-07-17 00:00:00+09:00,1017.0
2026-07-21 00:00:00+09:00,1038.0
2026-07-22 00:00:00+09:00,1040.0
2026-07-23 00:00:00+09:00,1032.0
2026-07-24 00:00:00+09:00,1036.0
2026-07-27 00:00:00+09:00,1059.0
2026-07-28 00:00:00+09:00,1047.0
2026-07-29 00:00:00+09:00,1071.0
2026-07-30 00:00:00+09:00,1061.0
2026-07-31 00:00:00+09:00,1050.0
2026-08-03 00:00:00+09:00,1089.0
2026-08-04 00:00:00+09:00,1055.0
